{"layout":"IFMS","description":"Default Layout assigned to Players to show in the event scheduled content cannot be shown.","regions":{"9":"layoutifms-1"},"drawers":{"10":"ifms-2 - drawer"},"layoutDefinitions":{"layoutId":5,"ownerId":1,"campaignId":3,"parentId":null,"publishedStatusId":1,"publishedStatus":"Published","publishedDate":null,"backgroundImageId":29,"schemaVersion":3,"layout":"IFMS","description":"Default Layout assigned to Players to show in the event scheduled content cannot be shown.","backgroundColor":"#03031a","createdDt":"2023-11-16 01:13:27","modifiedDt":"2023-11-16 01:14:21","status":1,"retired":0,"backgroundzIndex":0,"width":1920,"height":1080,"orientation":"landscape","displayOrder":null,"duration":245,"statusMessage":null,"enableStat":0,"autoApplyTransitions":1,"code":null,"regions":[{"regionId":9,"layoutId":5,"ownerId":1,"name":"layoutifms-1","width":1398,"height":753,"top":97,"left":1,"zIndex":0,"regionOptions":[{"regionId":9,"option":"loop","value":"0"},{"regionId":9,"option":"transitionDirection","value":null},{"regionId":9,"option":"transitionDuration","value":null},{"regionId":9,"option":"transitionType","value":null}],"permissions":[],"duration":245,"isDrawer":0,"actions":[],"tempId":null,"regionPlaylist":{"playlistId":9,"ownerId":1,"name":"layoutifms-1","regionId":9,"isDynamic":0,"filterMediaName":null,"filterMediaNameLogicalOperator":"OR","filterMediaTags":null,"filterExactTags":"0","filterMediaTagsLogicalOperator":"OR","maxNumberOfItems":0,"createdDt":"2023-11-16 01:13:27","modifiedDt":"2023-11-16 01:13:28","duration":0,"requiresDurationUpdate":0,"enableStat":null,"tags":[],"widgets":[{"widgetId":18,"playlistId":9,"ownerId":1,"type":"image","duration":5,"displayOrder":"1","useDuration":1,"calculatedDuration":5,"createdDt":1700105938,"modifiedDt":1700111607,"fromDt":0,"toDt":2147483647,"transitionIn":null,"transitionOut":null,"transitionDurationIn":null,"transitionDurationOut":null,"widgetOptions":[{"widgetId":18,"type":"attrib","option":"align","value":"center"},{"widgetId":18,"type":"attrib","option":"enableStat","value":"Inherit"},{"widgetId":18,"type":"attrib","option":"name","value":""},{"widgetId":18,"type":"attrib","option":"scaleType","value":"center"},{"widgetId":18,"type":"attrib","option":"uri","value":"27.jpg"},{"widgetId":18,"type":"attrib","option":"valign","value":"middle"}],"mediaIds":["27"],"audio":[],"permissions":[],"playlist":"layoutifms-1","actions":[],"tempId":null,"tempWidgetId":null,"isNew":false,"folderId":1,"permissionsFolderId":1},{"widgetId":19,"playlistId":9,"ownerId":1,"type":"video","duration":0,"displayOrder":"2","useDuration":0,"calculatedDuration":225,"createdDt":1700105938,"modifiedDt":1700111656,"fromDt":0,"toDt":2147483647,"transitionIn":null,"transitionOut":null,"transitionDurationIn":null,"transitionDurationOut":null,"widgetOptions":[{"widgetId":19,"type":"attrib","option":"enableStat","value":"Inherit"},{"widgetId":19,"type":"attrib","option":"loop","value":"0"},{"widgetId":19,"type":"attrib","option":"mute","value":"0"},{"widgetId":19,"type":"attrib","option":"name","value":""},{"widgetId":19,"type":"attrib","option":"scaleType","value":"aspect"},{"widgetId":19,"type":"attrib","option":"showFullScreen","value":"0"},{"widgetId":19,"type":"attrib","option":"uri","value":"30.mp4"}],"mediaIds":["30"],"audio":[],"permissions":[],"playlist":"layoutifms-1","actions":[],"tempId":null,"tempWidgetId":null,"isNew":false,"folderId":1,"permissionsFolderId":1},{"widgetId":20,"playlistId":9,"ownerId":1,"type":"image","duration":5,"displayOrder":"3","useDuration":1,"calculatedDuration":5,"createdDt":1700105938,"modifiedDt":1700111607,"fromDt":0,"toDt":2147483647,"transitionIn":null,"transitionOut":null,"transitionDurationIn":null,"transitionDurationOut":null,"widgetOptions":[{"widgetId":20,"type":"attrib","option":"align","value":"center"},{"widgetId":20,"type":"attrib","option":"enableStat","value":"Inherit"},{"widgetId":20,"type":"attrib","option":"name","value":""},{"widgetId":20,"type":"attrib","option":"scaleType","value":"center"},{"widgetId":20,"type":"attrib","option":"uri","value":"26.jpg"},{"widgetId":20,"type":"attrib","option":"valign","value":"middle"}],"mediaIds":["26"],"audio":[],"permissions":[],"playlist":"layoutifms-1","actions":[],"tempId":null,"tempWidgetId":null,"isNew":false,"folderId":1,"permissionsFolderId":1},{"widgetId":21,"playlistId":9,"ownerId":1,"type":"image","duration":10,"displayOrder":"4","useDuration":0,"calculatedDuration":10,"createdDt":1700105938,"modifiedDt":1700111607,"fromDt":0,"toDt":2147483647,"transitionIn":null,"transitionOut":null,"transitionDurationIn":null,"transitionDurationOut":null,"widgetOptions":[{"widgetId":21,"type":"attrib","option":"enableStat","value":"Inherit"},{"widgetId":21,"type":"attrib","option":"scaleType","value":"center"},{"widgetId":21,"type":"attrib","option":"uri","value":"27.jpg"}],"mediaIds":["27"],"audio":[],"permissions":[],"playlist":"layoutifms-1","actions":[],"tempId":null,"tempWidgetId":null,"isNew":false,"folderId":1,"permissionsFolderId":1}],"permissions":[],"tempId":null,"owner":"xibo_admin","groupsWithPermissions":null,"folderId":1,"permissionsFolderId":1}}],"tags":[{"tagId":4,"tag":"imported","isSystem":1,"isRequired":0,"options":null,"layouts":[],"playlists":[],"campaigns":[],"medias":[],"displayGroups":[],"value":null}],"drawers":[{"regionId":10,"layoutId":5,"ownerId":1,"name":"ifms-2 - drawer","width":1920,"height":1080,"top":0,"left":0,"zIndex":0,"regionOptions":[],"permissions":[],"duration":0,"isDrawer":1,"actions":[],"tempId":null,"regionPlaylist":{"playlistId":10,"ownerId":1,"name":"ifms-2 - drawer","regionId":10,"isDynamic":0,"filterMediaName":null,"filterMediaNameLogicalOperator":"OR","filterMediaTags":null,"filterExactTags":"0","filterMediaTagsLogicalOperator":"OR","maxNumberOfItems":0,"createdDt":"2023-11-16 01:13:27","modifiedDt":"2023-11-16 01:13:27","duration":0,"requiresDurationUpdate":0,"enableStat":null,"tags":[],"widgets":[],"permissions":[],"tempId":null,"owner":"xibo_admin","groupsWithPermissions":null,"folderId":1,"permissionsFolderId":1}}],"actions":[],"permissions":[],"campaigns":[],"owner":"xibo_admin","groupsWithPermissions":null,"folderId":1,"permissionsFolderId":1}}