<?xml version="1.0"?>
<layout width="1920" height="1080" bgcolor="#03031a" schemaVersion="3" enableStat="0" background="29.png"><region id="9" width="1398" height="753" top="97" left="1"><options><loop>0</loop><transitionDirection/><transitionDuration/><transitionType/></options><media id="18" type="image" render="native" duration="5" useDuration="1" fromDt="1969-12-31 20:00:00" toDt="2038-01-18 23:14:07" enableStat="0" fileId="27"><options><uri>27.jpg</uri><align>center</align><enableStat>Inherit</enableStat><scaleType>center</scaleType><valign>middle</valign><transIn>fadeIn</transIn><transInDuration>1000</transInDuration><transOut>fadeOut</transOut><transOutDuration>1000</transOutDuration></options><raw/></media><media id="19" type="video" render="native" duration="0" useDuration="0" fromDt="1969-12-31 20:00:00" toDt="2038-01-18 23:14:07" enableStat="0" fileId="30"><options><uri>30.mp4</uri><enableStat>Inherit</enableStat><loop>0</loop><mute>0</mute><scaleType>aspect</scaleType><showFullScreen>0</showFullScreen><transIn>fadeIn</transIn><transInDuration>1000</transInDuration><transOut>fadeOut</transOut><transOutDuration>1000</transOutDuration></options><raw/></media><media id="20" type="image" render="native" duration="5" useDuration="1" fromDt="1969-12-31 20:00:00" toDt="2038-01-18 23:14:07" enableStat="0" fileId="26"><options><uri>26.jpg</uri><align>center</align><enableStat>Inherit</enableStat><scaleType>center</scaleType><valign>middle</valign><transIn>fadeIn</transIn><transInDuration>1000</transInDuration><transOut>fadeOut</transOut><transOutDuration>1000</transOutDuration></options><raw/></media><media id="21" type="image" render="native" duration="10" useDuration="0" fromDt="1969-12-31 20:00:00" toDt="2038-01-18 23:14:07" enableStat="0" fileId="27"><options><uri>27.jpg</uri><enableStat>Inherit</enableStat><scaleType>center</scaleType><transIn>fadeIn</transIn><transInDuration>1000</transInDuration><transOut>fadeOut</transOut><transOutDuration>1000</transOutDuration></options><raw/></media></region><drawer id="10" width="1920" height="1080" top="0" left="0"><options/></drawer><tags><tag>imported</tag></tags></layout>
