[{"file":"imgArteECultura.jpg","mediaid":26,"name":"arteEcultura","type":"image","duration":10,"background":0,"font":0,"tags":[{"tagId":4,"tag":"imported","isSystem":1,"isRequired":0,"options":null,"layouts":[],"playlists":[],"campaigns":[],"medias":[],"displayGroups":[],"value":null}]},{"file":"imgSelecao.jpg","mediaid":27,"name":"Selecao2024","type":"image","duration":10,"background":0,"font":0,"tags":[{"tagId":4,"tag":"imported","isSystem":1,"isRequired":0,"options":null,"layouts":[],"playlists":[],"campaigns":[],"medias":[],"displayGroups":[],"value":null}]},{"file":"tutorial-inscricoes-proeja-ifms-2023_2.mp4","mediaid":30,"name":"tutorial-inscricoes-proeja-ifms-2023.mp4","type":"video","duration":225,"background":0,"font":0,"tags":[{"tagId":4,"tag":"imported","isSystem":1,"isRequired":0,"options":null,"layouts":[],"playlists":[],"campaigns":[],"medias":[],"displayGroups":[],"value":null}]},{"file":"fundo-de-tela-2022-1920x1080.png","mediaid":29,"name":"back","type":"image","duration":10,"background":1,"font":0,"tags":[{"tagId":4,"tag":"imported","isSystem":1,"isRequired":0,"options":null,"layouts":[],"playlists":[],"campaigns":[],"medias":[],"displayGroups":[],"value":null}]}]